,A,R,D,N,C,Q,E,G,H,I,L,K,M,F,P,S,T,W,Y,V
A,None,904,640,763,402,732,1176,1425,371,1211,1803,1031,442,698,619,1456,1116,191,628,1898
R,843,None,503,632,107,690,1078,447,360,456,698,1390,218,287,317,665,652,121,368,606
D,696,615,None,961,116,453,662,712,306,299,484,674,144,204,279,718,634,92,301,415
N,713,482,794,None,67,507,1308,720,287,216,414,776,133,209,375,755,591,96,252,353
C,479,115,90,66,None,90,98,218,74,246,384,102,98,175,94,218,238,48,130,415
Q,781,669,420,564,66,None,971,408,263,303,525,890,153,234,243,510,525,71,213,445
E,1221,1017,643,1368,122,1059,None,625,342,456,685,1363,200,281,526,882,858,133,343,708
G,1384,507,571,612,172,384,543,None,239,400,550,506,187,329,359,874,538,111,287,585
H,379,336,289,286,53,261,350,235,None,214,312,328,89,203,145,312,293,75,291,286
I,1348,435,245,238,283,360,447,389,217,None,3197,482,676,1064,289,496,767,215,619,3129
L,1789,745,442,424,354,547,706,567,369,3175,None,764,1091,1680,418,696,1012,404,929,3013
K,1068,1280,671,818,105,806,1332,532,348,486,785,None,211,282,432,803,743,119,299,649
M,476,192,100,116,80,165,208,232,81,498,1004,182,None,330,109,217,253,77,217,575
F,714,297,226,185,184,236,263,317,223,1048,1712,299,350,None,175,382,426,337,955,1204
P,663,299,237,346,59,241,454,351,119,305,443,423,101,188,None,459,418,71,155,490
S,1472,644,755,817,192,558,974,958,301,473,742,806,213,351,446,None,1235,123,380,758
T,1159,719,518,658,193,554,835,631,297,775,960,778,244,451,339,1332,None,144,406,1188
W,211,130,91,90,76,81,104,109,70,217,358,98,80,258,67,126,123,None,277,247
Y,651,348,248,243,161,228,414,317,314,597,999,355,231,947,190,328,419,318,None,768
V,1894,559,352,326,398,417,630,595,331,2843,2905,584,517,1055,433,675,1157,237,724,None
